{
  "class_names": [
    "HELLO",
    "HRU",
    "FINE",
    "YES",
    "NO",
    "HELP",
    "THANK",
    "PLEASE",
    "SLOW",
    "NICE"
  ],
  "input_shape": [
    null,
    30,
    63
  ],
  "num_classes": 10,
  "feature_type": "hand_landmarks",
  "scaler_mean": [
    0.27671244740486145,
    0.3401707112789154,
    2.6171926847951e-08,
    0.26863977313041687,
    0.3247738480567932,
    -0.0031783345621079206,
    0.2612239122390747,
    0.30769774317741394,
    -0.006395884323865175,
    0.2568764090538025,
    0.29498058557510376,
    -0.009772222489118576,
    0.2549319863319397,
    0.2864846885204315,
    -0.013140401802957058,
    0.2608475983142853,
    0.29118794202804565,
    -0.006452550645917654,
    0.25186020135879517,
    0.2821524143218994,
    -0.013079279102385044,
    0.24832625687122345,
    0.2815248966217041,
    -0.017675364390015602,
    0.24628697335720062,
    0.2796938419342041,
    -0.02059146575629711,
    0.2630727291107178,
    0.29604849219322205,
    -0.008694327436387539,
    0.2532253861427307,
    0.2868357300758362,
    -0.014736203476786613,
    0.24949365854263306,
    0.28629642724990845,
    -0.017822489142417908,
    0.24729010462760925,
    0.28407904505729675,
    -0.01983175426721573,
    0.26529228687286377,
    0.3037486672401428,
    -0.011354212649166584,
    0.2563914358615875,
    0.29552900791168213,
    -0.01705843023955822,
    0.2530844211578369,
    0.29678407311439514,
    -0.017817553132772446,
    0.2513172924518585,
    0.29606109857559204,
    -0.01792512647807598,
    0.26753103733062744,
    0.3134729564189911,
    -0.014299901202321053,
    0.26054948568344116,
    0.3067965805530548,
    -0.01867668703198433,
    0.25808489322662354,
    0.3071596622467041,
    -0.01863621547818184,
    0.25683459639549255,
    0.30640360713005066,
    -0.01810184121131897
  ],
  "scaler_std": [
    0.3115631937980652,
    0.3855161964893341,
    1.9040967913497298e-07,
    0.30069079995155334,
    0.368945837020874,
    0.009472989477217197,
    0.29183751344680786,
    0.3530484735965729,
    0.015569435432553291,
    0.28750014305114746,
    0.34329020977020264,
    0.02057376503944397,
    0.2864948511123657,
    0.3376730680465698,
    0.025779442861676216,
    0.2923600971698761,
    0.34060537815093994,
    0.01867005228996277,
    0.2839997410774231,
    0.3361418545246124,
    0.02620016597211361,
    0.2814735472202301,
    0.33878734707832336,
    0.03114129975438118,
    0.28079792857170105,
    0.34069472551345825,
    0.03451050445437431,
    0.29613956809043884,
    0.3471423089504242,
    0.018754350021481514,
    0.28707486391067505,
    0.3432633876800537,
    0.026218686252832413,
    0.2843334674835205,
    0.3462657332420349,
    0.029578138142824173,
    0.28352367877960205,
    0.34810006618499756,
    0.032362595200538635,
    0.30020779371261597,
    0.35615283250808716,
    0.019928356632590294,
    0.2922191321849823,
    0.3526165187358856,
    0.027095438912510872,
    0.28951990604400635,
    0.3554481863975525,
    0.02868032269179821,
    0.28865987062454224,
    0.35679131746292114,
    0.030045000836253166,
    0.30466488003730774,
    0.36674878001213074,
    0.022321734577417374,
    0.29839393496513367,
    0.36342281103134155,
    0.028346367180347443,
    0.29598185420036316,
    0.3646933138370514,
    0.02941862680017948,
    0.29496291279792786,
    0.36513856053352356,
    0.030219553038477898
  ]
}